City,State,Page,MAT0320,INST0320,TOTAL0320,MAT07,INST07,TOTAL07,MAT,INST,TOTAL
30 CITY Average,ALABAMA,1,100,100,100,100,100,100,100,100,100
ANNISTON,ALABAMA,1,88.4,69,82.2,98.2,60.7,81.8,97.5,65.3,84.4
BIRMINGHAM,ALABAMA,1,99,69.2,89.4,99.5,66.5,85,99.4,71,87.8
BUTLER,ALABAMA,1,93.2,69.9,85.7,98.2,64.3,83.3,97.4,68.2,85.5
DECATUR,ALABAMA,1,92.2,66.8,84.1,96.5,63.8,82.1,98.1,68.6,86.1
DOTHAN,ALABAMA,1,93.2,69.3,85.5,98.3,63.9,83.2,97.8,71.7,87.1
EVERGREEN,ALABAMA,1,93.3,69.9,85.7,98.1,63.3,82.8,97.2,66.4,84.7
GADSDEN,ALABAMA,1,97.4,69.2,88.3,96.6,64.2,82.4,98.2,69.8,86.6
HUNTSVILLE,ALABAMA,1,92.2,77.2,87.4,96.4,64.3,82.3,98.1,70.1,86.7
JASPER,ALABAMA,1,92.2,69.1,84.8,96.7,63.5,82.2,98.7,68.2,86.3
MOBILE,ALABAMA,1,91.5,69.9,84.6,97.9,63.8,82.9,98.4,68.2,86.1
MONTGOMERY,ALABAMA,1,100.5,69.2,90.5,98.9,66.2,84.6,98.8,71.7,87.8
PHENIXCITY,ALABAMA,1,93.2,66.6,84.7,98.6,64.2,83.6,98.1,69.7,86.5
SELMA,ALABAMA,1,93.2,69.1,85.5,98,64,83.1,97.3,69.8,86.1
TUSCALOOSA,ALABAMA,1,92.2,69.2,84.8,96.5,64.6,82.5,98.1,70.2,86.8
ANCHORAGE,ALASKA,1,124.6,118.4,122.6,134.6,111.6,124.5,117.1,108.7,113.7
FAIRBANKS,ALASKA,1,120.1,118.4,119.5,143.8,110.2,129.1,117.8,109.2,114.3
JUNEAU,ALASKA,1,124.6,118.4,122.6,145.8,111.6,130.8,118.2,108.7,114.3
KETCHIKAN,ALASKA,2,94.6,118.4,102.3,151.1,109.9,133,128.9,109.3,120.9
CHAMBERS,ARIZONA,2,89.8,73.3,84.5,101.8,68.1,87,96.5,70.3,85.8
FLAGSTAFF,ARIZONA,2,89.7,73.4,84.5,103.9,69.5,88.8,100.4,71.5,88.6
GLOBE,ARIZONA,2,83.4,73.3,80.1,99.7,66.8,85.3,96.3,69.8,85.5
KINGMAN,ARIZONA,2,89.9,73.3,84.5,101.7,67.9,86.9,96.3,69,85.2
MESA/TEMPE,ARIZONA,2,83.9,73.3,80.5,99.4,67.5,85.4,96.2,70.5,85.7
PHOENIX,ARIZONA,2,80.1,73.4,77.9,100.3,69.8,86.9,98.8,72.6,88.1
PRESCOTT,ARIZONA,2,89.7,73.3,84.4,102.4,68.8,87.7,98.1,70.3,86.8
SHOWLOW,ARIZONA,2,83.9,73.3,80.5,100.1,66.8,85.5,96.7,69.9,85.8
TUCSON,ARIZONA,2,68.9,73.4,70.3,100.5,68.9,86.6,95.1,71.9,85.7
BATESVILLE,ARKANSAS,2,97.1,65.9,87.1,103.2,59.7,84.1,91.1,61.7,79.1
CAMDEN,ARKANSAS,2,96.6,67,87.1,98.5,60.3,81.7,92.3,62.7,80.3
FAYETTEVILLE,ARKANSAS,2,97.1,63.7,86.4,104.1,60.3,84.9,90.2,62.9,79.1
FORTSMITH,ARKANSAS,2,98.3,64.7,87.5,104.8,60.1,85.2,94.3,61.6,81
HARRISON,ARKANSAS,2,96.7,67,87.1,103.6,60.3,84.6,92.5,61,79.7
HOTSPRINGS,ARKANSAS,2,94.9,66.8,85.8,98.7,59.3,81.4,91.7,61.9,79.6
JONESBORO,ARKANSAS,2,94.5,66.7,85.6,108.5,60.1,87.3,93.4,65.2,81.9
LITTLEROCK,ARKANSAS,2,99.6,67.2,89.2,98.7,61.7,82.5,95.3,62.7,82
PINEBLUFF,ARKANSAS,3,96.6,67.2,87.2,98.8,60.4,82,94.2,62.4,81.3
RUSSELLVILLE,ARKANSAS,3,97.7,66.8,87.8,104.4,59.3,84.6,91.5,60.8,79
TEXARKANA,ARKANSAS,3,96.1,67.3,86.8,99.7,60.1,82.3,92.8,63.2,80.8
WESTMEMPHIS,ARKANSAS,3,94.5,59,83.1,109.2,59.2,87.3,93,66.8,82.4
ALHAMBRA,CALIFORNIA,3,103.6,130.4,112.2,93.5,130.2,109.6,97,127.8,109.5
ANAHEIM,CALIFORNIA,3,83.9,130.1,98.7,96.3,132.4,112.1,99.1,124.9,109.6
BAKERSFIELD,CALIFORNIA,3,100.4,130.2,110,100.3,123.6,110.5,98.5,124.1,108.9
BERKELEY,CALIFORNIA,3,91.3,131.8,104.3,102.3,154.3,125.1,100.1,151.5,121
EUREKA,CALIFORNIA,3,92.5,131.6,105.1,99.2,148.7,120.9,102.2,134.1,115.2
FRESNO,CALIFORNIA,3,83.1,130.9,98.5,89.9,131.8,108.3,97.7,128.9,110.4
INGLEWOOD,CALIFORNIA,3,102.2,130.4,111.3,94.1,131.7,110.6,94.8,128,108.3
LONGBEACH,CALIFORNIA,3,101.4,130.4,110.7,94.3,131.7,110.7,96.5,128,109.3
LOSANGELES,CALIFORNIA,3,101.1,130.5,110.5,91.6,133.2,109.8,102,129.6,113.2
MARYSVILLE,CALIFORNIA,3,92.5,131,104.9,98.5,139.5,116.5,101.5,131.4,113.7
MODESTO,CALIFORNIA,3,95.9,131,107.2,97.9,138.6,115.7,99.8,130.9,112.5
MOJAVE,CALIFORNIA,3,101.6,130.3,110.8,94.9,121.6,106.6,95.2,123.8,106.9
OAKLAND,CALIFORNIA,3,93.4,134.3,106.5,100.7,154.3,124.2,100.1,151.6,121.1
OXNARD,CALIFORNIA,3,99.7,130.1,109.5,97.6,131.2,112.3,97.4,125.4,108.8
PALMSPRINGS,CALIFORNIA,4,97.1,130.3,107.8,95.5,132.2,111.6,97,125.4,108.5
PALOALTO,CALIFORNIA,4,91.3,134.3,105.1,99.9,155.7,124.4,96.1,154.5,119.8
PASADENA,CALIFORNIA,4,104.5,130.4,112.8,92.9,130.2,109.2,95,127.8,108.3
REDDING,CALIFORNIA,4,90.3,131,103.4,115.9,139.5,126.3,105.7,131.4,116.2
RICHMOND,CALIFORNIA,4,91.3,134.2,105.1,100.9,154.3,124.3,99.3,145.5,118.1
RIVERSIDE,CALIFORNIA,4,94.4,130.1,105.9,96.4,132,112,98.9,124.9,109.5
SACRAMENTO,CALIFORNIA,4,85.6,131,100.2,106.5,141.2,121.7,97,132.8,111.6
SALINAS,CALIFORNIA,4,100.4,131.5,110.4,95.5,145.8,117.5,99,137.6,114.7
SANBERNARDINO,CALIFORNIA,4,94.4,130.3,105.9,94.7,133.2,111.6,94.2,125.8,107.1
SANDIEGO,CALIFORNIA,4,101.1,130.2,110.4,98.6,122.2,108.9,102.4,122.2,110.4
SANFRANCISCO,CALIFORNIA,4,101.8,134.5,112.3,109.1,157.3,130.3,105,160.3,127.5
SANJOSE,CALIFORNIA,4,83.8,134.3,100,95.3,155.7,121.8,102.3,154.3,123.5
SANLUISOBISPO,CALIFORNIA,4,101.6,130.3,110.8,95.7,130.3,110.9,98.3,125,109.2
SANMATEO,CALIFORNIA,4,91.3,134.4,105.2,100.5,155.2,124.5,98.3,152.6,120.4
SANRAFAEL,CALIFORNIA,4,91.6,131.9,104.6,105,154.8,126.8,101.4,148.8,120.7
SANTAANA,CALIFORNIA,4,97.4,130.3,108,96,132.3,111.9,96.6,125.6,108.4
SANTABARBARA,CALIFORNIA,4,99.7,130.3,109.5,95,131.3,110.9,96.9,124.5,108.1
SANTACRUZ,CALIFORNIA,4,104.3,131.5,113,95,147.6,118,104.6,137.8,118.1
SANTAROSA,CALIFORNIA,5,93.2,131.9,105.6,96.4,153.7,121.5,100.6,146.4,119.2
STOCKTON,CALIFORNIA,5,95.9,131,107.2,98.4,137.9,115.7,100,131.6,112.8
SUSANVILLE,CALIFORNIA,5,90.3,131,103.4,118.6,139.5,127.8,104.9,131.4,115.7
VALLEJO,CALIFORNIA,5,92.8,131.8,105.3,102.7,154,125.2,97.4,141.6,115.4
VANNUYS,CALIFORNIA,5,104.5,130.4,112.8,94.3,130.2,110,98.1,127.8,110.2
ALAMOSA,COLORADO,5,97.9,65.1,87.4,108.7,65.4,89.7,100.6,68.8,87.7
BOULDER,COLORADO,5,97.4,69.7,88.5,106.2,74.7,92.4,96.5,77.4,88.8
COLORADOSPRINGS,COLORADO,5,97,69.4,88.1,107.1,69.4,90.6,98.8,71.8,87.9
DENVER,COLORADO,5,101.4,69.5,91.1,106.7,72.3,91.6,103.1,75.3,91.8
DURANGO,COLORADO,5,97.9,65.1,87.4,108.7,65.6,89.8,101.2,65.2,86.6
FORTCOLLINS,COLORADO,5,97.5,66.8,87.6,106.6,70.8,90.9,99.7,73.9,89.2
FORTMORGAN,COLORADO,5,97.6,65.6,87.3,106.1,69,89.8,97.1,72.3,87
GLENWOODSPRINGS,COLORADO,5,97.3,65.5,87.1,108.5,67.7,90.6,100.9,66.5,86.9
GOLDEN,COLORADO,5,97.6,65.6,87.3,107.3,70.5,91.1,98.3,72.8,87.9
GRANDJUNCTION,COLORADO,5,97.5,66.7,87.6,107.6,69.3,90.8,102.9,70.6,89.8
GREELEY,COLORADO,5,97.4,66.8,87.6,105.8,70.8,90.4,97,73.9,87.6
MONTROSE,COLORADO,5,97.3,65.3,87,108.6,66.7,90.3,99.6,65.9,85.9
PUEBLO,COLORADO,5,94,69.5,86.1,107.1,68.4,90.1,99.5,70.6,87.7
SALIDA,COLORADO,6,97.1,65.1,86.9,107.6,65.6,89.2,100.2,69.4,87.6
BRIDGEPORT,CONNECTICUT,6,104.6,141.5,116.5,103.1,120.4,110.7,98.3,115.2,105.2
BRISTOL,CONNECTICUT,6,104.6,141.5,116.5,103.3,117.7,109.6,97.7,115.4,104.9
HARTFORD,CONNECTICUT,6,99.8,141.5,113.2,110.8,119.3,114.5,99.3,115.9,106.1
MERIDEN,CONNECTICUT,6,104.6,141.5,116.5,103.3,117.7,109.6,96.2,113.9,103.4
NEWBRITAIN,CONNECTICUT,6,104.6,141.5,116.5,103.3,117.7,109.6,97,115.4,104.5
NEWHAVEN,CONNECTICUT,6,104.6,141.5,116.5,103.4,117.4,109.5,98.6,115.1,105.3
NEWLONDON,CONNECTICUT,6,82,141.5,101.1,103.1,117.4,109.4,94.1,114,102.2
NORWALK,CONNECTICUT,6,104.6,141.6,116.5,103.3,120.9,111,97.9,115.4,105
STAMFORD,CONNECTICUT,6,104.6,141.6,116.5,103.3,120.9,111,98,115.8,105.3
WATERBURY,CONNECTICUT,6,104.6,141.5,116.5,103.3,117.7,109.6,98,115.1,105
WILLIMANTIC,CONNECTICUT,6,104.6,141.5,116.5,103.4,116.9,109.3,97.8,114.3,104.5
WASHINGTON,DC,6,101,90.6,97.7,104.9,86.9,97,102.7,88.5,96.9
DOVER,DELAWARE,6,99.6,118.7,105.7,104.5,114.1,108.7,99.4,110.6,103.9
NEWARK,DELAWARE,6,98.4,118.7,104.9,107.7,112.3,109.7,98.1,110.6,103.2
WILMINGTON,DELAWARE,6,99.4,118.7,105.6,103.2,114.1,108,98.9,111.1,103.8
DAYTONABEACH,FLORIDA,6,90.9,60.2,81,101.2,63.8,84.8,97.9,69.1,86.2
FORTLAUDERDALE,FLORIDA,6,89.8,61.5,80.7,106.3,60,86,97.3,67.8,85.3
FORTMYERS,FLORIDA,7,90.8,73.3,85.1,106,60.5,86.1,97.5,65.4,84.4
GAINESVILLE,FLORIDA,7,96.3,59.6,84.5,101.5,60.9,83.7,99.1,62.8,84.3
JACKSONVILLE,FLORIDA,7,90.9,59.6,80.8,101.5,61.9,84.1,97.7,66.9,85.2
LAKELAND,FLORIDA,7,93,76.3,87.6,105.9,61.6,86.5,98.1,65.5,84.8
MELBOURNE,FLORIDA,7,91.9,67.2,83.9,101.7,62.9,84.7,101.1,70.8,88.8
MIAMI,FLORIDA,7,100.4,61.5,87.9,105.2,64.6,87.4,97.5,70.1,86.4
ORLANDO,FLORIDA,7,101,63.6,89,108,65.5,89.4,99.7,66.5,86.2
PANAMACITY,FLORIDA,7,94.9,64.4,85.1,101.8,62.1,84.4,99.4,67,86.2
PENSACOLA,FLORIDA,7,97.2,65.3,87,101.7,60.9,83.8,101.8,64.6,86.7
SARASOTA,FLORIDA,7,92.9,71,85.9,101.1,61.6,83.8,100,64.1,85.3
ST.PETERSBURG,FLORIDA,7,93,73.4,86.7,106.2,60.5,86.2,101.2,65.6,86.7
TALLAHASSEE,FLORIDA,7,101.2,59.7,87.9,99.4,63.8,83.8,99,66.9,86
TAMPA,FLORIDA,7,89.8,76.3,85.5,106.6,62,87,99,67.4,86.2
WESTPALMBEACH,FLORIDA,7,92.3,53.6,79.8,106,59.4,85.6,96,62.6,82.4
ALBANY,GEORGIA,7,92.5,70.1,85.3,102.8,67,87.1,97.6,70.7,86.6
ATHENS,GEORGIA,7,92.3,58.8,81.6,92.7,63.6,79.9,97.8,62.4,83.4
ATLANTA,GEORGIA,7,101,71.6,91.5,93.7,72.4,84.4,102.2,75.4,91.3
AUGUSTA,GEORGIA,7,92.5,69.3,85.1,92.4,69.2,82.2,98.1,72.2,87.6
COLUMBUS,GEORGIA,8,93.3,70.2,85.9,102.6,68.5,87.7,97.5,72.2,87.2
DALTON,GEORGIA,8,92.1,56.4,80.6,94,65.2,81.3,99.8,66.4,86.2
GAINESVILLE,GEORGIA,8,92.3,58.8,81.5,92.7,62.9,79.6,98.5,62.9,84
MACON,GEORGIA,8,94.5,70.2,86.7,101.4,69.1,87.2,95.9,72.7,86.4
SAVANNAH,GEORGIA,8,100.8,69.3,90.7,99.7,69.4,86.4,98.2,71.9,87.5
STATESBORO,GEORGIA,8,91.9,66,83.6,92.7,65.5,80.7,99.8,70.3,87.8
VALDOSTA,GEORGIA,8,94.9,59.3,83.5,102.9,67.7,87.5,97.5,70.2,86.4
WAYCROSS,GEORGIA,8,94.9,55.3,82.2,102.6,65.7,86.4,97.5,67.4,85.2
HILO,HAWAII,8,93.9,119.3,102.1,117.3,115.8,116.6,114.8,115,114.9
HONOLULU,HAWAII,8,107.2,119.3,111.1,133.5,117.7,126.6,119.3,115.8,117.9
"STATES&POSS.,GUAM",HAWAII,8,157.3,42.9,120.5,136.8,68,106.6,136.6,61.9,106.2
BOISE,IDAHO,8,92.8,74.5,86.9,99.8,85.3,93.5,99.5,78.3,90.9
COEURD¡¯ALENE,IDAHO,8,97,100.7,98.2,148.8,83.5,120.2,104.3,86,96.9
IDAHOFALLS,IDAHO,8,93.9,74.6,87.7,98.5,79.6,90.2,98.5,79.9,90.9
LEWISTON,IDAHO,8,97,100.5,98.1,149.2,82.4,119.9,104.7,85.6,97
POCATELLO,IDAHO,8,93,74.5,87,99.2,76.1,89.1,100.5,78.2,91.4
TWINFALLS,IDAHO,8,94.1,74.3,87.7,100,82.7,92.5,101,78.1,91.7
BLOOMINGTON,ILLINOIS,8,99.9,95.3,98.4,96.4,105.3,100.3,93.4,103,97.3
CARBONDALE,ILLINOIS,9,102.4,96.2,100.4,93.4,93.8,93.6,92.7,102.7,96.8
CENTRALIA,ILLINOIS,9,102.4,96.8,100.6,93.5,103.4,97.8,93,104.1,97.5
CHAMPAIGN,ILLINOIS,9,99.9,94.6,98.2,97.3,107.1,101.6,96.7,103.8,99.6
CHICAGO,ILLINOIS,9,99,151.6,115.9,88.7,149.6,115.4,98.5,144.8,117.3
DECATUR,ILLINOIS,9,100.1,99.5,99.9,98.9,111,104.2,96.9,107.1,101.1
EASTST.LOUIS,ILLINOIS,9,102.4,103,102.6,93.4,110.7,101,94,109,100.1
EFFINGHAM,ILLINOIS,9,103,87.3,98,98.4,101.1,99.6,95.4,102.5,98.3
GALESBURG,ILLINOIS,9,99.6,98.3,99.2,96.7,102,99,94.1,102.5,97.5
JOLIET,ILLINOIS,9,109.3,140.8,119.4,94.4,147.1,117.5,95.1,143.9,115
KANKAKEE,ILLINOIS,9,109.7,125.7,114.8,93.4,129.2,109.1,92.1,126.3,106
LASALLE,ILLINOIS,9,99.7,123.7,107.4,97.2,113.6,104.4,94.6,119.3,104.7
NORTHSUBURBAN,ILLINOIS,9,109.3,138.7,118.8,94.7,136.8,113.2,95.3,134.1,111.1
PEORIA,ILLINOIS,9,97.2,104.5,99.5,97.6,112.7,104.2,96,109.8,101.6
QUINCY,ILLINOIS,9,102.8,80.2,95.6,98.3,99.6,98.9,96.2,98.7,97.2
ROCKISLAND,ILLINOIS,9,99.6,92.1,97.2,96.7,91.2,94.3,93.4,93.2,93.3
ROCKFORD,ILLINOIS,9,91.4,136.5,105.9,100.6,133.5,115,95.1,129.5,109.1
SOUTHSUBURBAN,ILLINOIS,9,109.3,138.7,118.8,94.7,137.9,113.6,95.3,135.7,111.7
SPRINGFIELD,ILLINOIS,9,99.9,99.6,99.8,104.2,113.5,108.3,98,107.9,102
ANDERSON,INDIANA,10,101.2,82,95,111.3,73.5,94.7,94,78.7,87.8
BLOOMINGTON,INDIANA,10,92,85.1,89.8,97.3,76.4,88.1,96.7,79.6,89.7
COLUMBUS,INDIANA,10,92.5,83,89.4,96.7,74.3,86.9,95,77.6,87.9
EVANSVILLE,INDIANA,10,100.6,97.4,99.6,101.8,82.8,93.5,94.2,85.4,90.7
FORTWAYNE,INDIANA,10,101.2,79.7,94.3,111,78,96.6,94.6,78.7,88.2
GARY,INDIANA,10,101.2,109.9,104,110.2,100.4,105.9,95.2,103.1,98.4
INDIANAPOLIS,INDIANA,10,100.6,85.5,95.8,101.2,81.4,92.5,97.9,83.2,91.9
KOKOMO,INDIANA,10,91.5,83.3,88.9,110.5,74.2,94.6,91.8,78,86.2
LAFAYETTE,INDIANA,10,92,83.2,89.2,96.6,76.6,87.8,94.6,78,87.8
LAWRENCEBURG,INDIANA,10,91.7,76.2,86.8,100.1,73.7,88.5,91.4,76.4,85.3
MUNCIE,INDIANA,10,101.8,82,95.5,99.6,74.8,88.7,95.3,77.2,87.9
NEWALBANY,INDIANA,10,92.6,78.6,88.1,91.7,71.2,82.7,92.8,74.5,85.3
SOUTHBEND,INDIANA,10,99.7,81,93.7,109,77.8,95.3,97.4,81.7,91
TERREHAUTE,INDIANA,10,100.6,82.1,94.7,101.9,77.8,91.3,95,80.9,89.3
WASHINGTON,INDIANA,10,93.1,83,89.9,102,80.2,92.4,92.9,82.8,88.8
BURLINGTON,IOWA,10,95.1,91,93.8,100.4,71.4,87.7,94.5,79.2,88.3
CARROLL,IOWA,10,95.8,79.9,90.7,100.5,73,88.4,94.1,77.4,87.3
CEDARRAPIDS,IOWA,10,95.8,97.1,96.2,101.6,79,91.7,97.1,84.4,91.9
COUNCILBLUFFS,IOWA,11,97.7,82.6,92.9,100.5,73.4,88.6,97.3,79.9,90.2
CRESTON,IOWA,11,90.1,79.9,86.8,109.8,76.1,95,93.7,79.1,87.7
DAVENPORT,IOWA,11,95.8,97.6,96.4,101,91,96.6,96.1,94.2,95.3
DECORAH,IOWA,11,95.1,79.3,90,100.6,64.8,84.9,95.1,69.3,84.6
DESMOINES,IOWA,11,99.3,100.2,99.6,101.8,86.2,94.9,95.9,91,93.9
DUBUQUE,IOWA,11,94.4,78.9,89.5,100.9,74.6,89.3,95.7,78.7,88.7
FORTDODGE,IOWA,11,90.1,79.3,86.6,109.1,60.4,87.8,93.2,69.3,83.4
MASONCITY,IOWA,11,90,79.3,86.5,108.7,65.3,89.7,93.1,69.5,83.5
OTTUMWA,IOWA,11,95.1,91.2,93.9,101.2,65.1,85.4,94.9,74,86.4
SHENANDOAH,IOWA,11,97.7,79.9,92,99.9,67.9,85.9,94.9,77,87.6
SIBLEY,IOWA,11,97.7,79.2,91.8,100.1,51.1,78.6,95.2,58.7,80.4
SIOUXCITY,IOWA,11,95.8,95.7,95.8,101,69.4,87.2,96.8,78.3,89.3
SPENCER,IOWA,11,97.7,79.2,91.8,101.1,51.7,79.5,96.5,58.5,81.1
WATERLOO,IOWA,11,90.7,79.3,87,109.2,75.4,94.4,95.2,76.5,87.6
BELLEVILLE,KANSAS,11,102.8,97.4,101,99.1,59.1,81.6,95.6,67.6,84.2
COLBY,KANSAS,11,111.5,97.4,106.9,105.1,61.3,85.9,96,70.1,85.5
DODGECITY,KANSAS,11,108.7,97.2,105,104.9,65.1,87.5,97.4,73.2,87.5
EMPORIA,KANSAS,11,101.3,97.5,100.1,97,69.8,85.1,94,72.4,85.2
FORTSCOTT,KANSAS,12,100.6,93.8,98.4,98.4,67.5,84.8,94.2,72.3,85.3
HAYS,KANSAS,12,108.7,97.4,105.1,105.4,59.8,85.4,95.3,68.8,84.5
HUTCHINSON,KANSAS,12,108.7,97.4,105.1,103.6,60.3,84.6,91.6,68.2,82.1
INDEPENDENCE,KANSAS,12,108.1,93.8,103.5,105.3,69.4,89.6,96.1,71.9,86.3
KANSASCITY,KANSAS,12,97.8,103.8,99.7,97.1,98.4,97.7,95.7,98.8,97
LIBERAL,KANSAS,12,110.3,97.1,106,105.5,57.1,84.3,95.4,68,84.2
SALINA,KANSAS,12,108.1,97.3,104.6,104.3,60.6,85.1,96.1,72,86.3
TOPEKA,KANSAS,12,99.4,98.8,99.2,103.2,82.4,94.1,97.1,76.4,88.7
WICHITA,KANSAS,12,100.3,101,100.5,102.6,61.4,84.5,96.1,71.9,86.2
ASHLAND,KENTUCKY,12,93.2,89.2,91.9,91.6,82.6,87.7,91.8,84.2,88.7
BOWLINGGREEN,KENTUCKY,12,91.3,77.4,86.8,91.6,75.6,84.6,93.4,76.5,86.5
CAMPTON,KENTUCKY,12,92.1,86.6,90.4,102,62.9,84.8,93.1,74.6,85.6
CORBIN,KENTUCKY,12,90.5,85.9,89,96.6,64.4,82.5,89.9,73.3,83.2
COVINGTON,KENTUCKY,12,91.4,73.2,85.5,100.2,67.5,85.9,92.8,73.3,84.9
ELIZABETHTOWN,KENTUCKY,12,91.7,77.9,87.3,91,63.5,78.9,90.3,71.7,82.7
FRANKFORT,KENTUCKY,12,99.1,78.3,92.4,95.9,71.3,85.1,94.8,76.9,87.5
HAZARD,KENTUCKY,12,92.6,86.1,90.5,101.8,64.5,85.4,92.5,75.2,85.5
HENDERSON,KENTUCKY,12,91.4,78.5,87.2,101.1,76.7,90.4,90.5,76.8,84.9
LEXINGTON,KENTUCKY,13,99.4,84.8,94.7,97.1,75.7,87.7,92.6,76.9,86.2
LOUISVILLE,KENTUCKY,13,98.6,84.8,94.1,94.3,73.4,85.2,93.9,77.9,87.4
OWENSBORO,KENTUCKY,13,91.4,78,87.1,101.8,79.6,92.1,92.9,80,87.7
PADUCAH,KENTUCKY,13,91.9,76.7,87.1,101.2,76.6,90.4,90.7,78,85.5
PIKEVILLE,KENTUCKY,13,93.7,89.1,92.2,92.7,74.6,84.8,94.1,80.1,88.4
SOMERSET,KENTUCKY,13,91.7,86.1,89.9,101,66.7,86,90.5,74.8,84.1
ALEXANDRIA,LOUISIANA,13,98,52.6,83.4,100.1,64.2,84.4,93.5,63.3,81.2
BATONROUGE,LOUISIANA,13,99.6,52.7,84.5,95.5,66.7,82.9,95.8,67.2,84.2
HAMMOND,LOUISIANA,13,94.5,50.7,80.4,94.6,61.5,80.1,91.8,62.2,79.8
LAFAYETTE,LOUISIANA,13,95.9,50.7,81.4,95.4,65.1,82.1,93.8,64.5,81.9
LAKECHARLES,LOUISIANA,13,95.9,52.6,82,95.1,66.2,82.4,94,66.9,83
MONROE,LOUISIANA,13,96.9,52.6,82.7,100,63.7,84.1,93.3,63.3,81.1
NEWORLEANS,LOUISIANA,13,100,52.9,84.9,93.6,68.8,82.7,98.8,68.6,86.5
SHREVEPORT,LOUISIANA,13,99.6,51.7,84.2,98.1,65.8,84,95.4,65.8,83.3
THIBODAUX,LOUISIANA,13,94.5,50.7,80.4,95,62.4,80.7,93.9,63.6,81.6
AUGUSTA,MAINE,13,99.9,81.2,93.9,106.1,98.7,102.8,99.6,84.5,93.5
BANGOR,MAINE,13,85.2,81.4,84,104,100.2,102.3,94.5,84.2,90.3
BATH,MAINE,13,84.4,81,83.3,103.8,96.5,100.6,93.2,82.9,89
HOULTON,MAINE,14,85.2,81,83.9,104.1,96.5,100.8,93.2,82.8,88.9
KITTERY,MAINE,14,85.3,81.1,83.9,106.7,96.5,102.2,91.6,83.3,88.2
LEWISTON,MAINE,14,104.7,81.4,97.2,103.8,100.2,102.2,95.8,85.2,91.5
MACHIAS,MAINE,14,85.2,81,83.9,104,96.5,100.7,93,82.8,88.9
PORTLAND,MAINE,14,98.8,81.5,93.2,109,101.8,105.8,98.1,87.3,93.7
ROCKLAND,MAINE,14,85.2,81,83.9,103.7,96.5,100.5,92.4,82.9,88.5
WATERVILLE,MAINE,14,85.2,81,83.9,104,96.5,100.7,93.2,82.8,89
ANNAPOLIS,MARYLAND,14,99.1,88.4,95.7,105.2,79,93.8,99.6,81.8,92.3
BALTIMORE,MARYLAND,14,101,91.3,97.9,105.5,83.6,95.9,101.5,83.7,94.2
COLLEGEPARK,MARYLAND,14,98.4,98.1,98.3,103.9,76.9,92,97.3,84,91.9
CUMBERLAND,MARYLAND,14,88.3,87,87.9,101.2,78.9,91.4,95.2,81.6,89.7
EASTON,MARYLAND,14,87.5,81.2,85.5,101.4,69.6,87.4,96.8,70.9,86.2
ELKTON,MARYLAND,14,87.5,109.2,94.5,100.9,75.2,89.6,94.3,81,88.9
HAGERSTOWN,MARYLAND,14,88.3,87.1,87.9,101.4,83.4,93.5,95.8,86.3,91.9
SALISBURY,MARYLAND,14,87.5,60.7,78.9,101.9,65.1,85.8,97.5,63.5,83.6
SILVERSPRING,MARYLAND,14,97.8,98,97.9,106.1,81.4,95.2,96.8,83.2,91.2
WALDORF,MARYLAND,14,98.5,98,98.3,106.8,81.4,95.6,98.1,83,91.9
BOSTON,MASSACHUSETTS,14,101.6,151.6,117.6,106.5,138.9,120.7,98.5,134.5,113.1
BROCKTON,MASSACHUSETTS,15,99.4,140.9,112.7,102.5,123.5,111.7,96.1,114.7,103.7
BUZZARDSBAY,MASSACHUSETTS,15,79.7,118.5,92.1,101.3,120.3,109.6,90.4,111.2,98.9
FALLRIVER,MASSACHUSETTS,15,99.4,118.6,105.5,102.2,120.2,110.1,95.7,113,102.8
FITCHBURG,MASSACHUSETTS,15,82,132.7,98.3,101.7,116.3,108.1,92.5,110.2,99.7
FRAMINGHAM,MASSACHUSETTS,15,82,140.7,100.8,101.9,121.3,110.4,92.2,119.3,103.2
GREENFIELD,MASSACHUSETTS,15,83.8,118.1,94.8,101.7,106.6,103.8,93.9,106.7,99.1
HYANNIS,MASSACHUSETTS,15,79.7,118.6,92.1,101.6,122.7,110.9,92.8,113.9,101.4
LAWRENCE,MASSACHUSETTS,15,101.4,138.6,113.3,102.5,124.2,112,96.8,121.7,106.9
LOWELL,MASSACHUSETTS,15,102.3,138.3,113.9,102.3,125.3,112.4,96,123.1,107
NEWBEDFORD,MASSACHUSETTS,15,99.4,118.5,105.5,102.2,119.8,109.9,95.4,113.3,102.7
PITTSFIELD,MASSACHUSETTS,15,83.2,114.8,93.4,102.3,103.1,102.6,95.8,102.4,98.5
SPRINGFIELD,MASSACHUSETTS,15,102.3,118.1,107.4,102.3,108,104.8,96.8,107.9,101.3
WORCESTER,MASSACHUSETTS,15,102.3,145.3,116.1,102.3,119.3,109.7,96.7,115.6,104.4
ANNARBOR,MICHIGAN,15,97.9,102.4,99.3,111.5,97.1,105.2,95.6,99.5,97.2
BATTLECREEK,MICHIGAN,15,95.3,79.7,90.3,103.8,76.7,91.9,94.6,78.2,87.9
BAYCITY,MICHIGAN,15,97.9,101.7,99.1,109.2,81.6,97.1,95.1,84.1,90.7
DEARBORN,MICHIGAN,15,97.9,103.7,99.7,110.3,104.6,107.8,95.5,103.4,98.7
DETROIT,MICHIGAN,15,101.3,102.1,101.6,112.9,103.7,108.9,100,100.3,100.1
FLINT,MICHIGAN,16,97.9,102,99.2,109.5,87.2,99.7,95.5,89.9,93.2
GAYLORD,MICHIGAN,16,89,86.6,88.2,102.6,69.3,88,93.7,76.3,86.6
GRANDRAPIDS,MICHIGAN,16,99.6,79.6,93.2,105.9,71.8,91,97.2,80.7,90.5
IRONMOUNTAIN,MICHIGAN,16,88,79.1,85.2,106.5,69.3,90.2,95.2,77.1,87.8
JACKSON,MICHIGAN,16,86.4,101.5,91.3,101.8,82.1,93.2,92.9,85.9,90.1
KALAMAZOO,MICHIGAN,16,95.3,78.3,89.9,103.8,78.8,92.9,94.8,80.3,88.9
LANSING,MICHIGAN,16,100.4,101.8,100.8,105.8,85.6,97,97.2,89.7,94.1
MUSKEGON,MICHIGAN,16,96.2,80,91,102.7,73.7,90,93.6,80.3,88.2
ROYALOAK,MICHIGAN,16,88.7,97.5,91.5,107.3,94,101.4,93.4,94.8,94
SAGINAW,MICHIGAN,16,97.9,101.6,99.1,110,82.3,97.9,95.1,86.1,91.5
TRAVERSECITY,MICHIGAN,16,89.4,74.7,84.7,105.4,69,89.5,92.5,73.5,84.8
BEMIDJI,MINNESOTA,16,97.6,101.2,98.8,102.7,87.3,96,95.2,92.6,94.1
BRAINERD,MINNESOTA,16,97,101.3,98.4,99.4,95.2,97.6,94.6,96.2,95.3
DETROITLAKES,MINNESOTA,16,97.6,101.1,98.7,102.4,91.2,97.5,95.7,88.4,92.7
DULUTH,MINNESOTA,16,99.9,101.8,100.5,94.9,105.7,99.6,101.3,104.4,102.6
MANKATO,MINNESOTA,16,97,107.7,100.4,100,97.4,98.9,94.6,102.4,97.7
MINNEAPOLIS,MINNESOTA,16,94.3,111.7,99.9,91.7,119.5,103.9,101.2,117.8,108
ROCHESTER,MINNESOTA,16,92.6,108.2,97.6,97.5,98.3,97.9,99,104.3,101.2
SAINTPAUL,MINNESOTA,17,94.7,108.4,99.1,91.5,118.4,103.3,100.4,116.7,107
ST.CLOUD,MINNESOTA,17,97.1,108.1,100.6,99.6,114.9,106.3,94,114.1,102.2
THIEFRIVERFALLS,MINNESOTA,17,97.8,101,98.9,103.7,85.3,95.6,94.9,87.5,91.9
WILLMAR,MINNESOTA,17,96.9,107.8,100.4,99.3,95.5,97.7,92.8,95.2,93.8
WINDOM,MINNESOTA,17,96.9,106.7,100,99.4,79,90.5,92.8,89.4,91.4
BILOXI,MISSISSIPPI,17,88.2,63.1,80.1,100.9,61.8,83.7,96.9,65.2,84
CLARKSDALE,MISSISSIPPI,17,100.1,62,87.9,98.3,48.7,76.5,96,52.6,78.3
COLUMBUS,MISSISSIPPI,17,94.3,62.1,84,100.6,51.9,79.3,96.1,55.8,79.7
GREENVILLE,MISSISSIPPI,17,100.7,62.2,88.3,98.7,60.9,82.1,99.2,63.8,84.8
GREENWOOD,MISSISSIPPI,17,100.1,62,87.9,98.8,50.7,77.7,97.5,52.3,79.1
JACKSON,MISSISSIPPI,17,99.5,66.1,88.7,98.4,63.7,83.2,98.4,66.8,85.5
LAUREL,MISSISSIPPI,17,94.9,30.5,74.3,100.9,53.9,80.3,96.2,55.1,79.5
MCCOMB,MISSISSIPPI,17,95.5,32,75.1,100.1,50.8,78.5,94.4,52.6,77.4
MERIDIAN,MISSISSIPPI,17,94.3,66,85.2,100.2,62.1,83.5,94.8,66.5,83.3
TUPELO,MISSISSIPPI,17,98,61.9,86.4,98.2,49,76.6,97.2,55.1,80
BOWLINGGREEN,MISSOURI,17,103.7,89.9,99.3,95.3,91.9,93.8,94.5,90.2,92.7
CAPEGIRARDEAU,MISSOURI,17,105,83,97.9,94.7,80.6,88.5,95.1,88.5,92.4
CHILLICOTHE,MISSOURI,17,102.3,95.5,100.1,90.3,85.9,88.3,92.5,88.7,90.9
COLUMBIA,MISSOURI,18,95.6,97.7,96.3,89.5,85,87.6,94.4,90.9,93
FLATRIVER,MISSOURI,18,105,95.8,102.1,95.7,84.3,90.7,95.4,88.5,92.6
HANNIBAL,MISSOURI,18,103.1,89.8,98.9,95.1,86.6,91.4,93.4,86.6,90.6
HARRISONVILLE,MISSOURI,18,102.1,103.3,102.5,89.3,93.4,91.1,91.9,95.2,93.2
JEFFERSONCITY,MISSOURI,18,99.9,87.1,95.8,95.9,84.9,91.1,95.1,86.8,91.7
JOPLIN,MISSOURI,18,105.7,100,103.9,90.3,78.4,85.1,94.4,78.4,87.9
KANSASCITY,MISSOURI,18,100.4,108.5,103,91,102.6,96.1,98.6,101.6,99.8
KIRKSVILLE,MISSOURI,18,103.1,77.6,94.9,99.9,84.2,93,96.4,81.8,90.5
POPLARBLUFF,MISSOURI,18,106.4,70.7,94.9,98.8,76.9,89.2,93.2,82.4,88.8
ROLLA,MISSOURI,18,96.1,98.9,97,89.9,92.1,90.9,92.5,94,93.1
SEDALIA,MISSOURI,18,94.3,102.7,97,94.1,81.3,88.5,94.7,86.1,91.2
SIKESTON,MISSOURI,18,105.7,70.7,94.5,99,76.1,89,93.8,82.4,89.2
SPRINGFIELD,MISSOURI,18,91.5,97.3,93.4,93.9,76.2,86.2,96,79.6,89.3
ST.JOSEPH,MISSOURI,18,99.1,106.2,101.4,90.1,90,90,95.2,91.2,93.6
ST.LOUIS,MISSOURI,18,100.7,110,103.7,97.2,104.6,100.4,98.4,105.4,101.3
BILLINGS,MONTANA,18,91.8,82.2,88.7,128.2,72.3,103.7,102.1,77.4,92
BUTTE,MONTANA,18,99.7,81.6,93.9,127.6,67.7,101.3,101.2,73,89.7
GREATFALLS,MONTANA,18,91.9,82,88.8,128.4,69.9,102.8,103.3,75.7,92
HAVRE,MONTANA,19,100.5,81.8,94.5,127.9,61.8,98.9,100.1,71.3,88.4
HELENA,MONTANA,19,101.8,81.6,95.3,131.6,68.9,104.1,101.4,73.3,90
KALISPELL,MONTANA,19,102.3,81.8,95.8,127.2,68.6,101.5,97.8,72.2,87.4
MILESCITY,MONTANA,19,99.9,81.8,94.1,127.7,63.1,99.4,99.3,73.3,88.7
MISSOULA,MONTANA,19,101.4,81.6,95.1,126.7,69.8,101.8,98.4,72.9,88
WOLFPOINT,MONTANA,19,101.4,81.8,95.1,128.6,63,99.8,101.3,73.3,89.9
ALLIANCE,NEBRASKA,19,111.8,81.3,102,103.3,70.2,88.8,97.1,68.9,85.6
COLUMBUS,NEBRASKA,19,101.3,80,94.5,102.7,74.5,90.3,94.2,76,86.8
GRANDISLAND,NEBRASKA,19,100.8,78.6,93.6,102.9,76.9,91.5,95.6,78.3,88.6
HASTINGS,NEBRASKA,19,100.8,70.9,91.2,103,72,89.4,95.4,73.6,86.5
LINCOLN,NEBRASKA,19,99.5,78.9,92.9,102.1,77.4,91.3,98.1,78.2,90
MCCOOK,NEBRASKA,19,107.8,71,96,97.1,70.5,85.5,94.5,68.8,84.1
NORFOLK,NEBRASKA,19,101.4,61.9,88.7,101.1,72.5,88.6,95.4,72.9,86.2
NORTHPLATTE,NEBRASKA,19,107.3,76.1,97.3,97.1,74.1,87,94.8,74.2,86.4
OMAHA,NEBRASKA,19,100.7,79.1,93.7,99.8,80.8,91.5,97,80.7,90.4
VALENTINE,NEBRASKA,19,107.9,61.8,93.1,96.6,68.5,84.3,97,66,84.4
CARSONCITY,NEVADA,19,102.3,115,106.4,119.2,79.2,101.7,101.5,83.9,94.3
ELKO,NEVADA,19,103.2,88.2,98.4,114.2,68.2,94,100.1,78.6,91.4
ELY,NEVADA,20,102,88.4,97.6,114.5,85.4,101.8,101.1,86.1,95
LASVEGAS,NEVADA,20,94.5,122.9,103.6,130.1,102.3,117.9,103,107.2,104.7
RENO,NEVADA,20,96.5,121,104.3,114,76.9,97.7,101,83.6,93.9
CHARLESTON,NEW HAMPSHIRE,20,85.3,85,85.2,106.1,100.1,103.5,93,83.6,89.2
CLAREMONT,NEW HAMPSHIRE,20,85.3,85,85.2,106,100.1,103.4,92.4,83.6,88.8
CONCORD,NEW HAMPSHIRE,20,98.7,85.3,94.4,113.7,107.7,111.1,98.6,92.3,96
KEENE,NEW HAMPSHIRE,20,85.3,85,85.2,106.9,100.1,103.9,93.5,84.2,89.7
LITTLETON,NEW HAMPSHIRE,20,86,85,85.7,106.2,93.6,100.7,93.7,75.9,86.5
MANCHESTER,NEW HAMPSHIRE,20,100.3,85.3,95.5,113.6,107.7,111,98.2,92.6,95.9
NASHUA,NEW HAMPSHIRE,20,106.5,85.3,99.7,107.5,106.2,106.9,97.4,91.8,95.1
PORTSMOUTH,NEW HAMPSHIRE,20,85.3,85.3,85.3,106.7,103.7,105.4,94,90.5,92.6
ATLANTICCITY,NEW JERSEY,20,77.2,134.6,95.6,104.4,133.1,117,95.4,129.2,109.1
CAMDEN,NEW JERSEY,20,101.3,137.2,112.8,104.1,135.9,118,97.1,133.3,111.9
DOVER,NEW JERSEY,20,74.4,152.1,99.4,94.1,134.2,111.7,93.8,136,111
ELIZABETH,NEW JERSEY,20,74.4,152.1,99.4,94.5,134.4,112,95.1,136.2,111.8
HACKENSACK,NEW JERSEY,20,74.4,152.1,99.4,93.9,136.5,112.6,93.7,135.5,110.7
JERSEYCITY,NEW JERSEY,20,96.6,152.1,114.5,93.5,134.2,111.4,94.8,135.2,111.3
LONGBRANCH,NEW JERSEY,20,74.4,151.5,99.2,93.8,122.6,106.4,93.4,125.7,106.6
NEWBRUNSWICK,NEW JERSEY,21,78,151.6,101.7,104.7,128.5,115.1,96.9,131.4,111
NEWARK,NEW JERSEY,21,100.4,152.2,117,97.7,135.9,114.5,98.8,136.3,114.1
PATERSON,NEW JERSEY,21,96.6,152.2,114.5,94.2,136.5,112.8,96,136.3,112.4
POINTPLEASANT,NEW JERSEY,21,78,151.5,101.6,104.7,124.7,113.4,96.3,125.4,108.1
SUMMIT,NEW JERSEY,21,74.4,152.1,99.4,94.5,134.4,112,93.9,135.3,110.8
TRENTON,NEW JERSEY,21,100.7,135.6,111.9,106.9,137.4,120.3,98.7,133,112.6
VINELAND,NEW JERSEY,21,77.2,122.2,91.6,104,128,114.5,94.6,123.7,106.4
ALBUQUERQUE,NEW MEXICO,21,94.7,69.8,86.7,106.5,70.5,90.7,96.8,71,86.3
CARRIZOZO,NEW MEXICO,21,99.9,69.8,90.2,105.7,70.5,90.3,98.9,71,87.6
CLOVIS,NEW MEXICO,21,101,69.8,91,104.4,70.5,89.5,96.9,70.9,86.4
FARMINGTON,NEW MEXICO,21,103.5,69.8,92.7,106.8,70.5,90.9,97,71,86.4
GALLUP,NEW MEXICO,21,99.1,69.8,89.7,108,70.5,91.6,96.8,71,86.3
LASCRUCES,NEW MEXICO,21,99.5,69.6,89.9,92.7,65.8,80.9,94.8,69.1,84.3
LASVEGAS,NEW MEXICO,21,100.8,69.8,90.9,106.4,70.5,90.6,95.2,71,85.4
ROSWELL,NEW MEXICO,21,101,69.8,91,104.5,70.5,89.6,98.4,71,87.2
SANTAFE,NEW MEXICO,21,101,69.9,91,110.7,72.8,94.1,98.6,71.5,87.6
SOCORRO,NEW MEXICO,21,102.7,69.8,92.2,106.3,70.5,90.6,95,71,85.2
TRUTH/CONSEQUENCES,NEW MEXICO,21,98.8,69.7,89.5,94.3,66.2,82,94.6,68,83.8
TUCUMCARI,NEW MEXICO,22,99,69.8,89.7,104.3,70.5,89.5,97.4,70.9,86.6
ALBANY,NEW YORK,22,100,111.8,103.8,113.7,109.4,111.8,97.8,108.5,102.1
BINGHAMTON,NEW YORK,22,97.1,104.3,99.4,111.1,91.7,102.6,97,99.2,97.9
BRONX,NEW YORK,22,92.6,169.6,117.3,105.1,160.6,129.5,92.7,167.1,122.9
BROOKLYN,NEW YORK,22,97.3,225.9,138.6,112.9,160,133.5,101.5,168.8,128.9
BUFFALO,NEW YORK,22,100.4,112.9,104.4,108,109.2,108.5,102.6,106.8,104.3
ELMIRA,NEW YORK,22,100.4,103.1,101.2,110.8,90.6,101.9,96.3,97.7,96.9
FARROCKAWAY,NEW YORK,22,97.3,225.9,138.6,112.6,160.2,133.4,101.1,168.8,128.7
FLUSHING,NEW YORK,22,99,225.9,139.8,112.7,160.2,133.5,101.1,168.8,128.7
GLENSFALLS,NEW YORK,22,97.3,104.9,99.7,104,99.2,101.9,91.8,100.5,95.4
HICKSVILLE,NEW YORK,22,97.3,171.1,121,112.1,151.8,129.5,99.2,149.6,119.7
JAMAICA,NEW YORK,22,97.3,225.9,138.6,112.4,160.2,133.4,99.6,168.8,127.8
JAMESTOWN,NEW YORK,22,100.4,103.5,101.4,110.2,88.4,100.6,96.3,90.2,93.8
KINGSTON,NEW YORK,22,97.9,149.3,114.4,126.8,135.4,130.6,100.1,125.4,110.4
LONGISLANDCITY,NEW YORK,22,97.3,225.9,138.6,112.7,160.2,133.5,101,168.8,128.6
MONTICELLO,NEW YORK,22,97.1,149.3,113.9,126.6,135.4,130.4,98.9,126.1,110
MOUNTVERNON,NEW YORK,22,92.7,169.9,117.5,105.9,138.4,120.2,92.5,143.6,113.3
NEWROCHELLE,NEW YORK,22,92.8,169.8,117.5,106.2,136.1,119.3,93.2,138.1,111.5
NEWYORK,NEW YORK,23,101.4,171.3,123.8,110.5,165.2,134.5,100.1,171.3,129.1
NIAGARAFALLS,NEW YORK,23,99.1,104.2,100.7,110.4,101.9,106.6,97.4,100.9,98.8
PLATTSBURGH,NEW YORK,23,99.9,104.2,101.3,118.6,90,106.1,96.3,90.4,93.9
POUGHKEEPSIE,NEW YORK,23,97.9,148.9,114.3,126.7,134.6,130.2,99.3,128.1,111.1
QUEENS,NEW YORK,23,99,225.9,139.8,112.1,160.2,133.2,99.2,168.8,127.5
RIVERHEAD,NEW YORK,23,99.2,238.5,143.9,113.5,153.3,130.9,100,154.4,122.1
ROCHESTER,NEW YORK,23,100.4,103.4,101.3,114.1,101,108.4,100.8,99.5,100.3
SCHENECTADY,NEW YORK,23,96.3,111.8,101.3,106,107.6,106.7,97.1,107.6,101.4
STATENISLAND,NEW YORK,23,92.6,201.3,127.5,105.4,160.6,129.6,93.9,167.8,124
SUFFERN,NEW YORK,23,92.8,141.5,108.4,106,131.7,117.2,92.4,122.1,104.5
SYRACUSE,NEW YORK,23,98.1,104.5,100.1,107,98.2,103.1,97.5,100,98.5
UTICA,NEW YORK,23,98.1,103.4,99.8,97,97.5,97.2,95.6,100.7,97.7
WATERTOWN,NEW YORK,23,98.7,104.5,100.5,97.1,99.9,98.4,97,98.4,97.6
WHITEPLAINS,NEW YORK,23,92.8,170,117.6,105.8,141.5,121.5,92.7,146.7,114.7
YONKERS,NEW YORK,23,96.5,170,120.1,106.2,141.5,121.7,97.2,146.9,117.4
ASHEVILLE,NORTH CAROLINA,23,98.2,61.6,86.4,104.2,61.1,85.3,96.9,65.3,84
CHARLOTTE,NORTH CAROLINA,23,100.4,66.8,89.6,97.4,65.3,83.3,98.3,71,87.2
DURHAM,NORTH CAROLINA,23,99.2,62.3,87.3,101.5,61.2,83.8,101.7,66,87.2
ELIZABETHCITY,NORTH CAROLINA,24,97.7,65.1,87.2,100.2,58.8,82,97.6,66.6,85
FAYETTEVILLE,NORTH CAROLINA,24,101.4,62.3,88.9,103.6,59.1,84.1,101.3,64.4,86.3
GASTONIA,NORTH CAROLINA,24,98.5,62.4,86.9,104.5,61.2,85.5,97.8,69.3,86.2
GREENSBORO,NORTH CAROLINA,24,98.6,62.3,86.9,101,61.2,83.6,99.7,66,86
HICKORY,NORTH CAROLINA,24,98.2,62.3,86.6,104.6,61.2,85.6,95.4,69.8,85
KINSTON,NORTH CAROLINA,24,97.6,62.3,86.3,104.3,59.1,84.5,95,64.2,82.5
MURPHY,NORTH CAROLINA,24,97.6,60.1,85.6,104.6,58.3,84.3,96.2,62.7,82.6
RALEIGH,NORTH CAROLINA,24,99.8,62.3,87.8,96.8,62.4,81.7,98.9,66.3,85.6
ROCKYMOUNT,NORTH CAROLINA,24,97.7,62.3,86.3,100.9,60.7,83.3,96.8,65.5,84.1
WILMINGTON,NORTH CAROLINA,24,98.9,62.3,87.2,104.2,59.1,84.4,96.7,63.6,83.2
WINSTON-SALEM,NORTH CAROLINA,24,98.6,62.3,86.9,101,61.2,83.6,99.5,66,85.9
BISMARCK,NORTH DAKOTA,24,115.2,97.9,109.6,98.2,84.4,92.1,98.9,81.2,91.7
DEVILSLAKE,NORTH DAKOTA,24,111.4,97.9,107.1,97.8,78.6,89.3,97.9,75.8,88.9
DICKINSON,NORTH DAKOTA,24,112.5,97.8,107.8,98.1,79,89.7,97.8,74.4,88.3
FARGO,NORTH DAKOTA,24,99.8,98.5,99.4,93.1,83.9,89.1,98.8,77.2,90
GRANDFORKS,NORTH DAKOTA,24,109.7,98,105.9,97.9,81.7,90.8,97.7,79,90.1
JAMESTOWN,NORTH DAKOTA,24,112.1,98.4,107.7,97.4,81.3,90.4,97.7,75,88.5
MINOT,NORTH DAKOTA,24,113.6,97.8,108.5,97.5,79.4,89.6,97.7,74.7,88.3
WILLISTON,NORTH DAKOTA,25,114.6,97.8,109.2,97.8,80.8,90.4,96.9,78,89.2
AKRON,OHIO,25,102.9,88.5,98.3,102.7,89.4,96.9,98.2,85.9,93.2
ATHENS,OHIO,25,97.7,83,93,100.2,84.8,93.5,97.5,79.8,90.3
CANTON,OHIO,25,102.9,75.9,94.3,103.4,85.9,95.8,97.8,80.3,90.6
CHILLICOTHE,OHIO,25,96.4,82.7,92,101.3,81.9,92.8,94.6,83.2,90
CINCINNATI,OHIO,25,100,83.6,94.8,101.7,81,92.6,98.3,79.8,90.8
CLEVELAND,OHIO,25,101.1,92.3,98.3,101.7,97.4,99.8,99.3,92,96.3
COLUMBUS,OHIO,25,101.4,79.3,94.3,110,84.5,98.8,98.5,84.6,92.8
DAYTON,OHIO,25,102.2,78.6,94.6,104.8,77,92.6,95.4,77.8,88.3
HAMILTON,OHIO,25,102.2,71.9,92.5,101.3,76,90.3,95.4,75,87.1
LIMA,OHIO,25,97.7,78.7,91.6,99.9,80.7,91.5,97.7,77.5,89.5
LORAIN,OHIO,25,102.9,88.6,98.3,103.3,87.4,96.4,97.3,82.7,91.4
MANSFIELD,OHIO,25,93.8,73.6,87.3,101.8,84.9,94.4,95.1,80.5,89.2
MARION,OHIO,25,97.9,73.6,90.1,104.1,82.4,94.6,93.5,81.7,88.7
SPRINGFIELD,OHIO,25,102.2,78.7,94.6,104.7,77.5,92.8,95.4,79.1,88.8
STEUBENVILLE,OHIO,25,96.4,95.2,96,117.9,81.7,102.1,94.5,85.4,90.8
TOLEDO,OHIO,25,106.3,82.9,98.8,105.7,90.1,98.9,96.8,90.3,94.2
YOUNGSTOWN,OHIO,25,102.9,84.2,96.9,103.6,86.8,96.2,97.6,83.1,91.7
ZANESVILLE,OHIO,26,97.4,86.2,93.8,104.2,78.8,93.1,94.1,81.1,88.8
ARDMORE,OKLAHOMA,26,88.7,66.1,81.5,103.2,62.7,85.5,93.3,65.2,81.9
CLINTON,OKLAHOMA,26,89.2,66.1,81.8,103.3,62.7,85.5,94.4,65.1,82.5
DURANT,OKLAHOMA,26,97.7,59.3,85.4,98.3,61.4,82.1,91.5,62.1,79.6
ENID,OKLAHOMA,26,88.7,66.1,81.4,103.5,62.7,85.6,95.2,65.7,83.2
GUYMON,OKLAHOMA,26,89.2,58.9,79.5,103.9,57.9,83.7,94.4,60.6,80.6
LAWTON,OKLAHOMA,26,88.9,66.1,81.6,103.3,63.1,85.7,95.7,66.4,83.8
MCALESTER,OKLAHOMA,26,97.4,64.9,86.9,97.8,61.8,82,90.8,63.3,79.6
MIAMI,OKLAHOMA,26,95.9,66.1,86.3,98.6,61.8,82.4,91.4,63,79.8
MUSKOGEE,OKLAHOMA,26,96.8,65,86.6,98.9,61.9,82.7,93.8,67,82.9
OKLAHOMACITY,OKLAHOMA,26,100.4,66.2,89.4,95.6,64.4,81.9,95.4,68.5,84.5
PONCACITY,OKLAHOMA,26,96.8,66.1,86.9,98.6,61,82.1,91.8,60.9,79.2
POTEAU,OKLAHOMA,26,97.9,66.1,87.7,98.6,61.8,82.4,90.8,62.9,79.5
SHAWNEE,OKLAHOMA,26,96.8,61.1,85.3,98.5,59.7,81.5,92.8,63.5,80.9
TULSA,OKLAHOMA,26,97,66.2,87.1,98.9,63.7,83.5,94.9,65,82.7
WOODWARD,OKLAHOMA,26,88.7,66.1,81.4,103.4,63.2,85.8,93.4,66.3,82.3
BEND,OREGON,26,90.7,111.7,97.5,113.1,99.8,107.2,103.2,98.1,101.1
EUGENE,OREGON,26,94.1,111.7,99.8,112.1,102.4,107.8,102.5,101.2,101.9
KLAMATHFALLS,OREGON,27,90.7,111.6,97.4,113.2,95.5,105.4,103.9,95.4,100.4
MEDFORD,OREGON,27,92.2,111.7,98.5,112.7,95.1,105,103.6,96.9,100.9
PENDLETON,OREGON,27,91.1,111.8,97.7,104.3,92.8,99.3,100.1,98.4,99.4
PORTLAND,OREGON,27,95,111.9,100.4,112.1,100.3,106.9,103.1,102.2,102.7
SALEM,OREGON,27,101.1,111.9,104.6,107.2,102.4,105.1,104.7,100.8,103.1
VALE,OREGON,27,88.9,111.6,96.1,103.7,89.1,97.3,97.6,85.7,92.8
ALLENTOWN,PENNSYLVANIA,27,98.1,112.3,102.6,107,110.8,108.7,96.3,107.4,100.8
ALTOONA,PENNSYLVANIA,27,95,107.2,98.9,105,92.9,99.7,92.8,95.5,93.9
BEDFORD,PENNSYLVANIA,27,96.3,98.4,97,103.2,82.5,94.2,95.7,88.1,92.6
BRADFORD,PENNSYLVANIA,27,97.1,98.5,97.5,106.6,83.3,96.4,94.3,92.8,93.7
BUTLER,PENNSYLVANIA,27,95.6,118.4,103,104.5,91.7,98.8,90.8,96.2,93
CHAMBERSBURG,PENNSYLVANIA,27,95.4,104.4,98.3,104.4,77,92.3,94.1,83.9,89.9
DOYLESTOWN,PENNSYLVANIA,27,94.6,140.4,109.3,103.8,122,111.8,93.2,119.4,103.9
DUBOIS,PENNSYLVANIA,27,95.6,111.1,100.6,103.6,89,97.2,96,91.9,94.3
ERIE,PENNSYLVANIA,27,97.1,110.5,101.4,105.4,91.1,99.1,93,95,93.8
GREENSBURG,PENNSYLVANIA,27,95.6,118.1,102.8,103.2,89.6,97.2,95.6,93.6,94.8
HARRISBURG,PENNSYLVANIA,27,99.2,112.2,103.3,109.2,107.7,108.5,97.6,97.6,97.6
HAZLETON,PENNSYLVANIA,27,95.2,105.2,98.4,105.9,93.3,100.4,93.7,90.1,92.3
INDIANA,PENNSYLVANIA,28,94.9,118.5,102.5,103,90.3,97.4,94.6,94,94.3
JOHNSTOWN,PENNSYLVANIA,28,96.3,118.4,103.4,103.2,89.6,97.3,95.7,95.4,95.6
KITTANNING,PENNSYLVANIA,28,95.6,118.3,102.9,104.6,88.6,97.6,91.3,94.3,92.5
LANCASTER,PENNSYLVANIA,28,95.1,110,99.9,103.7,103,103.4,92.9,95.6,94
LEHIGHVALLEY,PENNSYLVANIA,28,95.2,100.5,96.9,106.6,103.7,105.3,94.4,104.8,98.6
MONTROSE,PENNSYLVANIA,28,99.7,108.2,102.4,106,84.3,96.5,93.3,90.9,92.4
NEWCASTLE,PENNSYLVANIA,28,94.6,99,96,104.5,91.1,98.6,90.9,96.6,93.2
NORRISTOWN,PENNSYLVANIA,28,97.2,140.4,111,106.5,120.5,112.6,94.2,120.2,104.8
OILCITY,PENNSYLVANIA,28,95.6,88.3,93.3,104.3,85.4,96.1,90.7,92.2,91.3
PHILADELPHIA,PENNSYLVANIA,28,101.5,150.1,117.1,104.6,137.8,119.2,99.9,137.6,115.2
PITTSBURGH,PENNSYLVANIA,28,101,123,108.1,106.2,98.9,103,99.1,102,100.3
POTTSVILLE,PENNSYLVANIA,28,94.3,106.2,98.2,103.7,92.3,98.7,92.6,90.2,91.6
READING,PENNSYLVANIA,28,98.4,112.2,102.9,107.7,104.5,106.3,96.3,101.8,98.6
SCRANTON,PENNSYLVANIA,28,98.1,112.1,102.6,106.8,91.7,100.2,97.1,96.6,96.9
STATECOLLEGE,PENNSYLVANIA,28,96.3,107.4,99.9,105.9,102.7,104.5,93.9,97.1,95.2
STROUDSBURG,PENNSYLVANIA,28,98.4,108.3,101.6,106.3,84.6,96.8,93.8,98.4,95.7
SUNBURY,PENNSYLVANIA,28,97,104.5,99.4,104.8,85.9,96.5,93.7,87.1,91
UNIONTOWN,PENNSYLVANIA,28,95.6,118.5,103,102.7,92.3,98.1,94.7,96.9,95.6
WASHINGTON,PENNSYLVANIA,29,95.6,118.7,103,103,94.5,99.3,94.4,99.6,96.5
WELLSBORO,PENNSYLVANIA,29,96.3,108.1,100.1,106.9,79.6,95,94.7,87.1,91.6
WESTCHESTER,PENNSYLVANIA,29,96.3,140.4,110.5,107.1,117.7,111.8,95.4,120,105.4
WILKES-BARRE,PENNSYLVANIA,29,97.1,109.9,101.2,106.1,90.1,99.1,93.6,94.6,94
WILLIAMSPORT,PENNSYLVANIA,29,96.2,110,100.7,104,88.7,97.3,91.6,91.9,91.8
YORK,PENNSYLVANIA,29,97,112,101.8,103.9,103.5,103.7,94.8,93.9,94.4
SANJUAN,PUERTO RICO,29,118.5,17.9,86.2,140.4,26.7,90.5,117,28.6,81
NEWPORT,RHODE ISLAND,29,99.4,118.8,105.6,101.9,114.8,107.5,94.5,111.3,101.3
PROVIDENCE,RHODE ISLAND,29,99.6,118.8,105.8,111.4,116.2,113.5,98.2,112,103.8
AIKEN,SOUTH CAROLINA,29,98.9,56.2,85.2,102.2,58.7,83.1,97.7,63.2,83.7
BEAUFORT,SOUTH CAROLINA,29,98,61.9,86.4,101.7,59.5,83.2,98.3,65.1,84.8
CHARLESTON,SOUTH CAROLINA,29,97.8,62.7,86.5,100.5,61.9,83.6,99.1,65.5,85.4
COLUMBIA,SOUTH CAROLINA,29,100.6,62.7,88.5,96.9,62.8,82,98.8,65.7,85.3
FLORENCE,SOUTH CAROLINA,29,97.4,62.7,86.2,100.8,61.5,83.6,96.8,64.9,83.8
GREENVILLE,SOUTH CAROLINA,29,97.3,60.1,85.3,100.9,61.5,83.6,97.1,67.9,85.2
ROCKHILL,SOUTH CAROLINA,29,98.1,61,86.2,100.7,54,80.2,96.7,66.2,84.3
SPARTANBURG,SOUTH CAROLINA,29,97.3,62.7,86.2,101,61.5,83.7,97.3,68,85.4
ABERDEEN,SOUTH DAKOTA,29,98.5,69,89.1,98.8,72.8,87.4,97.4,74.1,88
MITCHELL,SOUTH DAKOTA,30,98,65.9,87.7,98.6,68,85.2,95.2,59.6,80.7
MOBRIDGE,SOUTH DAKOTA,30,100.6,65.8,89.4,98.5,69.6,85.8,95.4,60.7,81.3
PIERRE,SOUTH DAKOTA,30,100.7,94,98.5,99.8,80.8,91.5,99.3,77.1,90.3
RAPIDCITY,SOUTH DAKOTA,30,92.1,93.6,92.6,99.4,74.9,88.6,97.2,69.2,85.8
SIOUXFALLS,SOUTH DAKOTA,30,100.9,97.6,99.9,99.9,84.1,93,97.8,80.1,90.6
WATERTOWN,SOUTH DAKOTA,30,95.3,65.7,85.8,98.2,71,86.3,95.7,65.7,83.5
CHATTANOOGA,TENNESSEE,30,93.6,66.8,85,100.4,60.6,82.9,98,67.1,85.4
COLUMBIA,TENNESSEE,30,87.1,60.5,78.6,95.9,58.5,79.5,95,63.1,82
COOKEVILLE,TENNESSEE,30,87.1,60.3,78.5,96.4,49,75.6,96.5,55.1,79.6
JACKSON,TENNESSEE,30,87.1,67.7,80.9,97.8,63.3,82.7,98.4,68.8,86.4
JOHNSONCITY,TENNESSEE,30,93.9,62.9,83.9,95.8,55.5,78.1,97.3,59.1,81.7
KNOXVILLE,TENNESSEE,30,93.6,67.9,85.3,93.7,63.4,80.4,94.8,65.9,83
MCKENZIE,TENNESSEE,30,87.2,61.1,78.8,96.5,49.9,76.1,96.7,53.8,79.2
MEMPHIS,TENNESSEE,30,100.7,71.2,91.2,95.9,66.7,83.1,98.2,70.8,87.1
NASHVILLE,TENNESSEE,30,101.5,68.8,91,100.4,69.5,86.8,99,75.2,89.3
ABILENE,TEXAS,30,99.7,50.6,83.9,102,63.3,85,97.4,60.6,82.4
AMARILLO,TEXAS,30,100,49.3,83.7,100.1,64,84.3,97.8,61.7,83.1
AUSTIN,TEXAS,30,100.4,44.3,82.3,95,65.4,82,96.5,61.5,82.2
BEAUMONT,TEXAS,31,101,63.6,89,94,65.5,81.5,94.7,66,83
BROWNWOOD,TEXAS,31,90.4,47.6,76.7,94.6,59.3,79.1,97,56.1,80.4
BRYAN,TEXAS,31,102.2,47.6,84.7,87.4,60.3,75.5,91.9,61.4,79.5
CHILDRESS,TEXAS,31,99.8,47.6,83.1,102.7,59.2,83.6,96.8,58.2,81.1
CORPUSCHRISTI,TEXAS,31,88.3,50.6,76.2,99.9,61.5,83.1,97.4,63.3,83.5
DALLAS,TEXAS,31,100.9,51.1,84.9,93.4,66,81.4,99.3,67.1,86.2
DELRIO,TEXAS,31,88.6,44.3,74.4,97.2,58.7,80.3,97.5,56.9,81
DENTON,TEXAS,31,91.1,47.8,77.2,93,60.6,78.8,96.9,60.3,82
EASTLAND,TEXAS,31,90.5,47.6,76.7,95,59.3,79.4,94.2,57.7,79.3
ELPASO,TEXAS,31,101.3,50.7,85,103.1,65.6,86.7,96.9,63.8,83.5
FORTWORTH,TEXAS,31,100.3,50.3,84.3,92.1,65.8,80.6,97.3,63.9,83.8
GALVESTON,TEXAS,31,101.9,55.6,87,87,60.6,75.4,94.4,62.9,81.6
GIDDINGS,TEXAS,31,88.9,45.1,74.9,97.6,59.3,80.8,94.4,57.6,79.4
GREENVILLE,TEXAS,31,101.7,47.8,84.4,92.1,59.6,77.9,97.1,60.1,82
HOUSTON,TEXAS,31,100.4,50.7,84.4,88.9,68.1,79.8,97.8,66.6,85.1
HUNTSVILLE,TEXAS,31,102.3,47.6,84.8,88.7,59.7,76,95,59.7,80.7
LAREDO,TEXAS,31,88.6,50.5,76.4,96.3,63.8,82.1,95,61.5,81.3
LONGVIEW,TEXAS,31,101.5,47.3,84.1,93.3,58.5,78.1,96.7,58.2,81
LUBBOCK,TEXAS,32,100.4,50.5,84.4,92.1,63.2,79.4,98.9,60.8,83.4
LUFKIN,TEXAS,32,103.3,62.1,90.1,93.2,57.9,77.7,94.4,59.2,80.1
MCALLEN,TEXAS,32,88.4,50.5,76.2,99.8,61.3,82.9,97.8,54.4,80.2
MCKINNEY,TEXAS,32,101.7,47.8,84.4,91.9,59.6,77.7,96.8,60.6,82
MIDLAND,TEXAS,32,100.9,50.6,84.7,92.5,63.8,79.9,99.2,64,84.9
ODESSA,TEXAS,32,99.7,50.5,83.9,102,62.8,84.8,97.2,61.6,82.7
PALESTINE,TEXAS,32,100.8,47.6,83.7,93.5,58.7,78.2,93.8,57.8,79.1
SANANGELO,TEXAS,32,90.3,50.3,77.5,94.3,59.7,79.1,96.6,56.3,80.2
SANANTONIO,TEXAS,32,102,50.6,85.5,90.1,67,80,97.4,63.6,83.7
TEMPLE,TEXAS,32,90.4,47.3,76.6,93.9,58.3,78.3,92.5,55.3,77.4
TEXARKANA,TEXAS,32,100.6,50,84.3,93.1,60.1,78.7,95.8,59.2,80.9
TYLER,TEXAS,32,101.5,50,85,93.6,58.7,78.3,97.4,59,81.8
VICTORIA,TEXAS,32,97.9,47.4,81.7,89.9,57.8,75.8,95.9,59.8,81.2
WACO,TEXAS,32,90.2,50.5,77.5,94.7,63.5,81,94.4,62.9,81.6
WAXAHACHIE,TEXAS,32,101.7,47.8,84.4,92,60,78,96.9,60.8,82.2
WHARTON,TEXAS,32,101.9,47.4,84.4,87.3,60.2,75.4,95.9,60.6,81.6
WICHITAFALLS,TEXAS,32,90.2,50.5,77.5,94.7,62.5,80.6,95.1,62,81.6
LOGAN,UTAH,32,93,83.3,89.9,103.2,67.3,87.5,98.7,72.9,88.2
OGDEN,UTAH,33,92.8,83.3,89.7,101.9,67.3,86.8,96.9,72.9,87.2
PRICE,UTAH,33,99.9,83.4,94.6,105.1,65,87.5,98.9,67.5,86.1
PROVO,UTAH,33,100.7,83.3,95.1,105.2,67.3,88.6,99,72.4,88.2
SALTLAKECITY,UTAH,33,95.2,83.3,91.4,109.1,67.3,90.8,101.4,72.9,89.8
BELLOWSFALLS,VERMONT,33,81,81,81,101.7,85.8,94.7,93.5,88.8,91.6
BENNINGTON,VERMONT,33,81,81,81,101.6,85.8,94.7,93.8,85.4,90.4
BRATTLEBORO,VERMONT,33,80,81,80.4,101.8,85.8,94.8,94.1,88.8,92
BURLINGTON,VERMONT,33,99.6,83.5,94.4,108.8,96.8,103.5,99.8,82.4,92.7
GUILDHALL,VERMONT,33,81.7,81,81.4,101.3,79.6,91.8,93.8,77.9,87.3
MONTPELIER,VERMONT,33,98.9,83.5,94,110,98.8,105.1,98,85.3,92.8
RUTLAND,VERMONT,33,101.2,83.5,95.5,101.9,95.2,99,96.5,81.7,90.5
ST.JOHNSBURY,VERMONT,33,80,81,80.3,101.1,79.6,91.7,94.8,77.8,87.9
WHITERIVERJCT.,VERMONT,33,81,81,81,101.8,80.2,92.3,94.7,78.2,88
ALEXANDRIA,VIRGINIA,33,84,88.9,85.6,104.5,77.9,92.9,99.8,83,93
ARLINGTON,VIRGINIA,33,94.9,86.7,92.2,106.4,75.9,93,100.5,81.3,92.7
BRISTOL,VIRGINIA,33,95.2,68.8,86.7,105.5,59.2,85.2,98.1,58.4,81.9
CHARLOTTESVILLE,VIRGINIA,33,94.5,70.2,86.7,105,66.5,88.1,99.2,72.7,88.4
CULPEPER,VIRGINIA,33,94.9,88.8,92.9,105.2,75.3,92.1,98.4,80.2,91
FAIRFAX,VIRGINIA,34,94.9,88.9,93,106,75.3,92.6,99.3,80.3,91.6
FARMVILLE,VIRGINIA,34,90.8,63.5,82,105.2,68,88.9,98.1,64.6,84.5
FREDERICKSBURG,VIRGINIA,34,95.5,75.7,89.2,105.3,77.1,92.9,98.2,78.1,90
GRUNDY,VIRGINIA,34,93.8,41.2,76.9,105.5,57.7,84.5,97.9,61.9,83.3
HARRISONBURG,VIRGINIA,34,94.9,78.7,89.7,105.7,77.4,93.3,98.8,74.2,88.8
LYNCHBURG,VIRGINIA,34,94.5,69.1,86.4,105.3,66.5,88.3,98.5,71.6,87.5
NEWPORTNEWS,VIRGINIA,34,90.6,65.3,82.5,105.2,64.7,87.4,99.1,67.8,86.4
NORFOLK,VIRGINIA,34,99.7,65.2,88.6,104.9,67.8,88.7,101,66.7,87.1
PETERSBURG,VIRGINIA,34,90.3,70.3,83.9,105.1,67.2,88.5,98.6,73,88.2
PORTSMOUTH,VIRGINIA,34,90.3,65.3,82.2,105,65,87.5,98.3,66.2,85.3
PULASKI,VIRGINIA,34,93.8,78.2,88.8,105.5,66.6,88.4,97.7,68.1,85.7
RICHMOND,VIRGINIA,34,99.6,70.3,90.2,101.1,69,87,99.4,73.2,88.7
ROANOKE,VIRGINIA,34,94.9,69.1,86.6,105.3,68.7,89.3,100.5,67.7,87.2
STAUNTON,VIRGINIA,34,94.5,67.7,85.9,105.1,67.9,88.8,98.5,66.5,85.5
WINCHESTER,VIRGINIA,34,94.2,74.7,88,105.8,72,91,98.7,74.5,88.9
CLARKSTON,WASHINGTON,34,89.4,99.8,92.8,110.5,76.8,95.7,97.2,77.8,89.3
EVERETT,WASHINGTON,34,95.6,118.4,102.9,103.7,107.8,105.5,103.6,106,104.6
OLYMPIA,WASHINGTON,34,102.5,118,107.5,101.8,106.7,103.9,103.3,104.5,103.8
RICHLAND,WASHINGTON,35,85.8,99.7,90.3,112.6,85.8,100.8,97.9,92.7,95.8
SEATTLE,WASHINGTON,35,102,115.8,106.4,102.5,109.4,105.5,104.3,110.8,106.9
SPOKANE,WASHINGTON,35,86.4,100.5,91,110.7,87.3,100.4,98.6,86.9,93.8
TACOMA,WASHINGTON,35,94.9,118.2,102.4,103.4,107,105,104.1,104.8,104.4
VANCOUVER,WASHINGTON,35,95.4,118.4,102.8,104.6,98.9,102.1,106.1,102,104.4
WENATCHEE,WASHINGTON,35,95.4,89.4,93.4,103.3,82.6,94.2,104.1,85.1,96.4
YAKIMA,WASHINGTON,35,95.2,100.7,96.9,103.6,90.3,97.8,104.2,96.4,101
BECKLEY,WEST VIRGINIA,35,94.4,83.2,90.8,114.7,81.1,100,95.4,85.6,91.4
BLUEFIELD,WEST VIRGINIA,35,93.5,76.8,88.2,105.2,81.1,94.6,96.9,83.1,91.3
BUCKHANNON,WEST VIRGINIA,35,94.1,81.5,90.1,105.6,84.3,96.3,98.1,88.9,94.4
CHARLESTON,WEST VIRGINIA,35,99.9,83.5,94.6,110.5,86.1,99.8,97.2,89,93.9
CLARKSBURG,WEST VIRGINIA,35,94.1,95.8,94.7,105.4,84.1,96,98.8,89.8,95.1
GASSAWAY,WEST VIRGINIA,35,94.1,85.3,91.3,105.2,85,96.4,98.1,86.1,93.3
HUNTINGTON,WEST VIRGINIA,35,95.8,88.3,93.4,115.1,84.8,101.8,98.3,89.4,94.7
LEWISBURG,WEST VIRGINIA,35,94.1,76.9,88.6,106.2,81.1,95.2,98.5,84.8,92.9
MARTINSBURG,WEST VIRGINIA,35,94.4,88.5,92.5,114.9,74.9,97.3,96.6,78.8,89.4
MORGANTOWN,WEST VIRGINIA,35,94.1,95.9,94.7,105.2,85.4,96.5,98.4,90.4,95.2
PARKERSBURG,WEST VIRGINIA,35,93.5,81.4,89.6,105.5,83.6,95.9,98.6,88.3,94.4
PETERSBURG,WEST VIRGINIA,36,93.5,85.3,90.9,105.3,80.4,94.4,97.7,84.3,92.2
ROMNEY,WEST VIRGINIA,36,94.1,88.8,92.4,105.3,80.3,94.3,97.9,84,92.2
WHEELING,WEST VIRGINIA,36,92.9,95.9,93.9,105.7,83.1,95.8,99.6,89.3,95.4
BELOIT,WISCONSIN,36,101.3,139.9,113.7,94.5,90.7,92.8,95.4,95.5,95.4
EAUCLAIRE,WISCONSIN,36,93.3,113.3,99.7,100.1,103.3,101.5,95.8,99,97.1
GREENBAY,WISCONSIN,36,92.4,110.2,98.1,103,102.7,102.9,98.3,102.6,100.1
KENOSHA,WISCONSIN,36,101.2,113.8,105.3,95.6,107.7,100.9,97,105.3,100.4
LACROSSE,WISCONSIN,36,93.2,108.9,98.2,99.2,101.1,100.1,93.9,99,96
LANCASTER,WISCONSIN,36,102,99.8,101.2,94.2,90.5,92.6,93.3,90.8,92.3
MADISON,WISCONSIN,36,99.6,109.1,102.6,92.9,105.7,98.5,96.1,103.5,99.1
MILWAUKEE,WISCONSIN,36,99.6,113.9,104.2,92.9,112.5,101.5,96.9,108,101.4
NEWRICHMOND,WISCONSIN,36,91.9,107.2,96.8,99.8,97,98.6,93.9,90.5,92.5
OSHKOSH,WISCONSIN,36,92.5,103.2,95.9,101.7,82.8,93.4,94,91,92.7
PORTAGE,WISCONSIN,36,102,99.9,101.3,93.5,96.5,94.8,91.8,94.3,92.8
RACINE,WISCONSIN,36,101.3,113.8,105.3,94.6,107.9,100.4,96.2,105.2,99.8
RHINELANDER,WISCONSIN,36,92.5,100,94.9,102.6,81.1,93.2,96.4,88.9,93.4
SUPERIOR,WISCONSIN,36,91.9,110,97.7,99.3,91.9,96.1,93.5,92.5,93
WAUSAU,WISCONSIN,36,92.5,109.2,97.9,101.5,92.3,97.5,93.1,90.5,92.1
CASPER,WYOMING,37,101.7,82.2,95.4,107.4,67.5,89.9,101,72,89.2
CHEYENNE,WYOMING,37,92.8,82.3,89.4,102,66.7,86.5,99.7,72.6,88.7
NEWCASTLE,WYOMING,37,100.2,82.3,94.5,102.6,65.2,86.2,97.9,70.4,86.7
RAWLINS,WYOMING,37,100,82.3,94.3,104.3,65.2,87.2,100.1,70.4,88
RIVERTON,WYOMING,37,100.8,82.3,94.9,103.6,68.4,88.1,99.1,70.4,87.5
ROCKSPRINGS,WYOMING,37,100.8,81.9,94.8,102.8,68,87.6,101.6,71.1,89.2
SHERIDAN,WYOMING,37,100.8,82.3,94.9,104.6,66.8,88,101,70.6,88.6
WHEATLAND,WYOMING,37,100.2,81.6,94.3,102.9,62.1,85,98.6,69,86.5
WORLAND,WYOMING,37,100.8,82.3,94.9,102.7,65.2,86.3,98.1,71,87.1
YELLOWSTONENAT¡¯LPA,WYOMING,37,102.6,82.3,96.1,102.2,65.2,86,97.6,70.7,86.7
